Workbook

Sheet allLMICMedianCosts
B1: Category | C1: est | D1: lower | E1: upper | F1: formatted
A2: 1 | B2: wgtDME_PT | C2: 293 | D2: 27 | E2: 2338 | F2: 293 (27, 2338)
A3: 2 | B3: wgtDNME_PT | C3: 111 | D3: 20 | E3: 541 | F3: 111 (20, 541)
A4: 3 | B4: wgtIE_PT | C4: 111 | D4: 20 | E4: 541 | F4: 111 (20, 541)
A5: 4 | B5: wgtDME_IT | C5: 108 | D5: 8 | E5: 811 | F5: 108 (8, 811)
A6: 5 | B6: wgtDNME_IT | C6: 62 | D6: 2 | E6: 1667 | F6: 62 (2, 1667)
A7: 6 | B7: wgtIE_IT | C7: 62 | D7: 2 | E7: 1667 | F7: 62 (2, 1667)
A8: 7 | B8: wgtDME_CT | C8: 74 | D8: 0 | E8: 1301 | F8: 74 (0, 1301)
A9: 8 | B9: wgtDNME_CT | C9: 526 | D9: 53 | E9: 3741 | F9: 526 (53, 3741)
A10: 9 | B10: wgtIE_CT | C10: 526 | D10: 53 | E10: 3741 | F10: 526 (53, 3741)
A11: 10 | B11: wgtPT | C11: 536 | D11: 79 | E11: 3304 | F11: 536 (79, 3304)
A12: 11 | B12: wgtIT | C12: 286 | D12: 34 | E12: 3744 | F12: 286 (34, 3744)
A13: 12 | B13: wgtCT | C13: 1223 | D13: 152 | E13: 8101 | F13: 1223 (152, 8101)
... A17: 16 | B17: wgtTotal | C17: 2827 | D17: 573 | E17: 14361 | F17: 2827 (573, 14361)

Sheet top30MedianCosts
B1: Category | C1: est | D1: lower | E1: upper | F1: formatted
A2: 1 | B2: wgtDME_PT | C2: 213 | D2: 20 | E2: 1879 | F2: 213 (20, 1879)
A3: 2 | B3: wgtDNME_PT | C3: 98 | D3: 16 | E3: 486 | F3: 98 (16, 486)
A4: 3 | B4: wgtIE_PT | C4: 98 | D4: 16 | E4: 486 | F4: 98 (16, 486)
A5: 4 | B5: wgtDME_IT | C5: 88 | D5: 6 | E5: 681 | F5: 88 (6, 681)
A6: 5 | B6: wgtDNME_IT | C6: 54 | D6: 1 | E6: 1560 | F6: 54 (1, 1560)
A7: 6 | B7: wgtIE_IT | C7: 54 | D7: 1 | E7: 1560 | F7: 54 (1, 1560)
A8: 7 | B8: wgtDME_CT | C8: 45 | D8: 0 | E8: 887 | F8: 45 (0, 887)
A9: 8 | B9: wgtDNME_CT | C9: 533 | D9: 53 | E9: 3660 | F9: 533 (53, 3660)
A10: 9 | B10: wgtIE_CT | C10: 533 | D10: 53 | E10: 3660 | F10: 533 (53, 3660)
A11: 10 | B11: wgtPT | C11: 424 | D11: 61 | E11: 2757 | F11: 424 (61, 2757)
A12: 11 | B12: wgtIT | C12: 244 | D12: 28 | E12: 3384 | F12: 244 (28, 3384)
A13: 12 | B13: wgtCT | C13: 1167 | D13: 145 | E13: 7925 | F13: 1167 (145, 7925)
... A17: 16 | B17: wgtTotal | C17: 2408 | D17: 555 | E17: 13562 | F17: 2408 (555, 13562)

Sheet regionMedianCosts
B1: who.region | C1: Category | D1: est | E1: lower | F1: upper | G1: formatted
A2: 1 | B2: Africa | C2: wgtDME_PT | D2: 159 | E2: 16 | F2: 1584 | G2: 159 (16, 1584)
A3: 2 | B3: Africa | C3: wgtDNME_PT | D3: 85 | E3: 14 | F3: 467 | G3: 85 (14, 467)
A4: 3 | B4: Africa | C4: wgtIE_PT | D4: 85 | E4: 14 | F4: 467 | G4: 85 (14, 467)
A5: 4 | B5: Africa | C5: wgtDME_IT | D5: 73 | E5: 4 | F5: 581 | G5: 73 (4, 581)
A6: 5 | B6: Africa | C6: wgtDNME_IT | D6: 46 | E6: 1 | F6: 1263 | G6: 46 (1, 1263)
A7: 6 | B7: Africa | C7: wgtIE_IT | D7: 46 | E7: 1 | F7: 1263 | G7: 46 (1, 1263)
A8: 7 | B8: Africa | C8: wgtDME_CT | D8: 26 | E8: 0 | F8: 594 | G8: 26 (0, 594)
A9: 8 | B9: Africa | C9: wgtDNME_CT | D9: 510 | E9: 60 | F9: 3432 | G9: 510 (60, 3432)
A10: 9 | B10: Africa | C10: wgtIE_CT | D10: 510 | E10: 60 | F10: 3432 | G10: 510 (60, 3432)
A11: 10 | B11: Africa | C11: wgtPT | D11: 341 | E11: 51 | F11: 2415 | G11: 341 (51, 2415)
A12: 11 | B12: Africa | C12: wgtIT | D12: 207 | E12: 24 | F12: 2820 | G12: 207 (24, 2820)
A13: 12 | B13: Africa | C13: wgtCT | D13: 1092 | E13: 150 | F13: 7165 | G13: 1092 (150, 7165)
... A97: 96 | B97: Western Pacific | C97: wgtTotal | D97: 4725 | E97: 1157 | F97: 21771 | G97: 4725 (1157, 21771)

Sheet worldBankMedianCost
B1: class25 | C1: Category | D1: est | E1: lower | F1: upper | G1: formatted
A2: 1 | B2: L | C2: wgtDME_PT | D2: 121 | E2: 12 | F2: 731 | G2: 121 (12, 731)
A3: 2 | B3: L | C3: wgtDNME_PT | D3: 78 | E3: 12 | F3: 372 | G3: 78 (12, 372)
A4: 3 | B4: L | C4: wgtIE_PT | D4: 78 | E4: 12 | F4: 372 | G4: 78 (12, 372)
A5: 4 | B5: L | C5: wgtDME_IT | D5: 55 | E5: 3 | F5: 337 | G5: 55 (3, 337)
A6: 5 | B6: L | C6: wgtDNME_IT | D6: 31 | E6: 1 | F6: 709 | G6: 31 (1, 709)
A7: 6 | B7: L | C7: wgtIE_IT | D7: 31 | E7: 1 | F7: 709 | G7: 31 (1, 709)
A8: 7 | B8: L | C8: wgtDME_CT | D8: 10 | E8: 0 | F8: 163 | G8: 10 (0, 163)
A9: 8 | B9: L | C9: wgtDNME_CT | D9: 362 | E9: 39 | F9: 2532 | G9: 362 (39, 2532)
A10: 9 | B10: L | C10: wgtIE_CT | D10: 362 | E10: 39 | F10: 2532 | G10: 362 (39, 2532)
A11: 10 | B11: L | C11: wgtPT | D11: 287 | E11: 43 | F11: 1389 | G11: 287 (43, 1389)
A12: 11 | B12: L | C12: wgtIT | D12: 146 | E12: 18 | F12: 1580 | G12: 146 (18, 1580)
A13: 12 | B13: L | C13: wgtCT | D13: 755 | E13: 93 | F13: 5095 | G13: 755 (93, 5095)
... A49: 48 | B49: UM | C49: wgtTotal | D49: 4459 | E49: 1106 | F49: 18075 | G49: 4459 (1106, 18075)

Sheet marginal
B1: Direct medical | C1: Direct non-medical | D1: Indirect | E1: Total
A2: All LMICs | B2: =allLMICMedianCosts!$F14 -> 536 (62, 4048) | C2: =allLMICMedianCosts!$F15 -> 840 (167, 5016) | D2: =allLMICMedianCosts!$F16 -> 1216 (210, 6889) | E2: =allLMICMedianCosts!$F17 -> 2827 (573, 14361)
A3: Top 30 TB incidence countries | B3: =top30MedianCosts!$F14 -> 392 (48, 3305) | C3: =top30MedianCosts!$F15 -> 808 (174, 4942) | D3: =top30MedianCosts!$F16 -> 1004 (199, 6257) | E3: =top30MedianCosts!$F17 -> 2408 (555, 13562)
A4: Africa | B4: =regionMedianCosts!G14 -> 293 (38, 2656) | C4: =regionMedianCosts!G15 -> 765 (168, 4422) | D4: =regionMedianCosts!G16 -> 832 (177, 4800) | E4: =regionMedianCosts!G17 -> 2048 (492, 10644)
A5: Americas | B5: =regionMedianCosts!$G30 -> 790 (169, 3871) | C5: =regionMedianCosts!$G31 -> 968 (232, 4077) | D5: =regionMedianCosts!$G32 -> 1734 (377, 7286) | E5: =regionMedianCosts!$G33 -> 3693 (886, 13983)
A6: Eastern Mediterranean | B6: =regionMedianCosts!$G46 -> 525 (85, 2654) | C6: =regionMedianCosts!$G47 -> 630 (115, 3207) | D6: =regionMedianCosts!$G48 -> 965 (146, 5169) | E6: =regionMedianCosts!$G49 -> 2226 (426, 10162)
A7: Europe | B7: =regionMedianCosts!$G62 -> 1274 (184, 7522) | C7: =regionMedianCosts!$G63 -> 789 (148, 3717) | D7: =regionMedianCosts!$G64 -> 1626 (256, 7620) | E7: =regionMedianCosts!$G65 -> 4048 (685, 16730)
A8: South-East Asia | B8: =regionMedianCosts!$G78 -> 586 (135, 2790) | C8: =regionMedianCosts!$G79 -> 741 (166, 4726) | D8: =regionMedianCosts!$G80 -> 1162 (257, 6044) | E8: =regionMedianCosts!$G81 -> 2676 (724, 12011)
A9: Western Pacific | B9: =regionMedianCosts!$G94 -> 598 (105, 4189) | C9: =regionMedianCosts!$G95 -> 1623 (286, 10262) | D9: =regionMedianCosts!$G96 -> 2138 (447, 10167) | E9: =regionMedianCosts!$G97 -> 4725 (1157, 21771)
A10: Low-income countries | B10: =worldBankMedianCost!$G14 -> 211 (30, 1060) | C10: =worldBankMedianCost!$G15 -> 557 (115, 3039) | D10: =worldBankMedianCost!$G16 -> 550 (125, 2288) | E10: =worldBankMedianCost!$G17 -> 1428 (357, 5741)
A11: Lower middle-income countries | B11: =worldBankMedianCost!$G30 -> 448 (81, 1904) | C11: =worldBankMedianCost!$G31 -> 773 (168, 4872) | D11: =worldBankMedianCost!$G32 -> 1036 (247, 4541) | E11: =worldBankMedianCost!$G33 -> 2431 (649, 10170)
A12: Upper middle-income countries | B12: =worldBankMedianCost!$G46 -> 995 (167, 5750) | C12: =worldBankMedianCost!$G47 -> 1091 (238, 5930) | D12: =worldBankMedianCost!$G48 -> 2015 (450, 8970) | E12: =worldBankMedianCost!$G49 -> 4459 (1106, 18075)
B15: Pre-treatment | C15: Intensive treatment | D15: Continuation treatment | E15: Total
A16: All LMICs | B16: =allLMICMedianCosts!$F11 -> 536 (79, 3304) | C16: =allLMICMedianCosts!$F12 -> 286 (34, 3744) | D16: =allLMICMedianCosts!$F13 -> 1223 (152, 8101) | E16: =allLMICMedianCosts!$F17 -> 2827 (573, 14361)
A17: Top 30 TB incidence countries | B17: =top30MedianCosts!$F11 -> 424 (61, 2757) | C17: =top30MedianCosts!$F12 -> 244 (28, 3384) | D17: =top30MedianCosts!$F13 -> 1167 (145, 7925) | E17: =top30MedianCosts!$F17 -> 2408 (555, 13562)
A18: Africa | B18: =regionMedianCosts!$G11 -> 341 (51, 2415) | C18: =regionMedianCosts!G12 -> 207 (24, 2820) | D18: =regionMedianCosts!G13 -> 1092 (150, 7165) | E18: =regionMedianCosts!G17 -> 2048 (492, 10644)
A19: Americas | B19: =regionMedianCosts!$G27 -> 682 (166, 2982) | C19: =regionMedianCosts!$G28 -> 369 (57, 3857) | D19: =regionMedianCosts!$G29 -> 1499 (247, 6689) | E19: =regionMedianCosts!$G33 -> 3693 (886, 13983)
A20: Eastern Mediterranean | B20: =regionMedianCosts!$G43 -> 555 (116, 2369) | C20: =regionMedianCosts!$G44 -> 244 (31, 2192) | D20: =regionMedianCosts!$G45 -> 853 (93, 5234) | E20: =regionMedianCosts!$G49 -> 2226 (426, 10162)
A21: Europe | B21: =regionMedianCosts!$G59 -> 1074 (203, 6351) | C21: =regionMedianCosts!$G60 -> 413 (52, 3435) | D21: =regionMedianCosts!$G61 -> 1149 (150, 6553) | E21: =regionMedianCosts!$G65 -> 4048 (685, 16730)
A22: South-East Asia | B22: =regionMedianCosts!$G75 -> 603 (128, 2545) | C22: =regionMedianCosts!$G76 -> 278 (48, 3232) | D22: =regionMedianCosts!$G77 -> 995 (135, 7570) | E22: =regionMedianCosts!$G81 -> 2676 (724, 12011)
A23: Western Pacific | B23: =regionMedianCosts!$G91 -> 498 (97, 3038) | C23: =regionMedianCosts!$G92 -> 402 (48, 9898) | D23: =regionMedianCosts!$G93 -> 2475 (259, 14316) | E23: =regionMedianCosts!$G97 -> 4725 (1157, 21771)
A24: Low-income countries | B24: =worldBankMedianCost!$G11 -> 287 (43, 1389) | C24: =worldBankMedianCost!$G12 -> 146 (18, 1580) | D24: =worldBankMedianCost!$G13 -> 755 (93, 5095) | E24: =worldBankMedianCost!$G17 -> 1428 (357, 5741)
A25: Lower middle-income countries | B25: =worldBankMedianCost!$G27 -> 479 (90, 2032) | C25: =worldBankMedianCost!$G28 -> 248 (39, 2870) | D25: =worldBankMedianCost!$G29 -> 1073 (149, 7840) | E25: =worldBankMedianCost!$G33 -> 2431 (649, 10170)
A26: Upper middle-income countries | B26: =worldBankMedianCost!$G43 -> 803 (143, 4513) | C26: =worldBankMedianCost!$G44 -> 440 (61, 5338) | D26: =worldBankMedianCost!$G45 -> 1680 (256, 9241) | E26: =worldBankMedianCost!$G49 -> 4459 (1106, 18075)
